"","term","Df","AIC","F","pval"
"+ perc.Total.lignin","perc",1,87.8206636042037,2.63930794632598,0.005
"+ waterperc","waterperc",1,87.8784233835444,1.82242322929128,0.005
"+ Fe","Fe",1,88.0087405328464,1.69592278183334,0.015
"+ N","N",1,87.7488118194228,1.99309139918409,0.005
"+ Ca","Ca",1,87.6153498937338,1.81326385653701,0.015
"+ Mn","Mn",1,87.5988406315425,1.64978566414627,0.01
"+ Arabinose","Arabinose",1,87.486109761768,1.66687035278217,0.04
